dataset,image,scale,method,psnr,ssim,runtime_ms
Urban100,img_001.png,x4,bicubic,23.697652000197134,0.6522200633838394,12.877113000286045
Urban100,img_002.png,x4,bicubic,22.878937528541208,0.6787900043548,21.348037000279874
Urban100,img_003.png,x4,bicubic,20.479494700522196,0.538641582782802,16.794380000646925
Urban100,img_004.png,x4,bicubic,19.826250237466958,0.6795692011854605,19.386690999454004
Urban100,img_005.png,x4,bicubic,22.011110800086456,0.8238919429055712,21.58715800032951
Urban100,img_006.png,x4,bicubic,19.170339785507906,0.49124837250849973,27.56240400049137
Urban100,img_007.png,x4,bicubic,24.673780869972298,0.7626862866715296,29.773910999210784
Urban100,img_008.png,x4,bicubic,18.50321188752301,0.5181250088338621,19.73322399862809
Urban100,img_009.png,x4,bicubic,29.317914409736613,0.8359109726157546,16.365000999940094
Urban100,img_010.png,x4,bicubic,22.256772352114893,0.7697522566909104,17.663965998508502
Urban100,img_011.png,x4,bicubic,14.61093025955795,0.5665192554046786,27.477535999423708
Urban100,img_012.png,x4,bicubic,20.65579325482004,0.6134422112919813,26.99104699968302
Urban100,img_013.png,x4,bicubic,24.654541992678368,0.6919931895460122,26.96151700001792
Urban100,img_014.png,x4,bicubic,20.080012055923667,0.579171387756137,15.152668000155245
Urban100,img_015.png,x4,bicubic,21.744454069374587,0.5830093136509232,11.494900998513913
Urban100,img_016.png,x4,bicubic,24.155843764289365,0.8205796281494983,33.139105998998275
Urban100,img_017.png,x4,bicubic,22.071748193904085,0.7201924140306213,17.05402699917613
Urban100,img_018.png,x4,bicubic,23.10772473801119,0.6099556053163763,19.30736699978297
Urban100,img_019.png,x4,bicubic,17.751014790331354,0.6317884242247954,19.873876000929158
Urban100,img_020.png,x4,bicubic,19.1321027116022,0.608575318414018,31.454811000003247
Urban100,img_021.png,x4,bicubic,26.248505408446697,0.6913914362053254,23.262731001523207
Urban100,img_022.png,x4,bicubic,23.824830031435212,0.6926804029961526,10.656610000296496
Urban100,img_023.png,x4,bicubic,24.779667193493236,0.810054868677573,15.570094001304824
Urban100,img_024.png,x4,bicubic,16.900252192043176,0.47064845507189385,9.952476999387727
Urban100,img_025.png,x4,bicubic,24.817323183592205,0.7770950504770342,12.30257499992149
Urban100,img_026.png,x4,bicubic,24.04630019481814,0.5582521415036564,11.336517998643103
Urban100,img_027.png,x4,bicubic,25.385561220170825,0.709574509444002,12.614621000466286
Urban100,img_028.png,x4,bicubic,27.18027995160176,0.7966410135305902,11.029777999283397
Urban100,img_029.png,x4,bicubic,21.52638142666456,0.6885350845147434,10.23850300043705
Urban100,img_030.png,x4,bicubic,20.01743939724885,0.6209321303017051,10.043758999017882
Urban100,img_031.png,x4,bicubic,21.386588144846904,0.6887643430847804,11.30979800109344
Urban100,img_032.png,x4,bicubic,24.600824585220433,0.7342749023624889,10.241134999887436
Urban100,img_033.png,x4,bicubic,22.677187377836812,0.6437322501849795,11.213392001081957
Urban100,img_034.png,x4,bicubic,19.623786859388616,0.5024967652124485,10.21000900072977
Urban100,img_035.png,x4,bicubic,21.950254109999886,0.7140934953085726,12.145827000495046
Urban100,img_036.png,x4,bicubic,23.94609611269784,0.7828455796586334,10.325400000510854
Urban100,img_037.png,x4,bicubic,22.30239971987245,0.6969411085459156,18.52650100045139
Urban100,img_038.png,x4,bicubic,23.31441527677353,0.49049259865795386,12.000242999420152
Urban100,img_039.png,x4,bicubic,19.58824419748868,0.5855726542898366,11.507965000419063
Urban100,img_040.png,x4,bicubic,18.067797804558893,0.6926422374800275,8.718212999156094
Urban100,img_041.png,x4,bicubic,19.572803537362844,0.6806298603816284,11.05287800055521
Urban100,img_042.png,x4,bicubic,23.503540232684816,0.7720244613437054,11.162348999278038
Urban100,img_043.png,x4,bicubic,20.85050217000774,0.7602472419596764,16.670385000907118
Urban100,img_044.png,x4,bicubic,25.11757941302036,0.7103240819869492,18.437986000208184
Urban100,img_045.png,x4,bicubic,19.630944153603505,0.5408432767626157,18.864198000301258
Urban100,img_046.png,x4,bicubic,21.324414675471143,0.6862077543780144,17.916614000569098
Urban100,img_047.png,x4,bicubic,18.554848095811487,0.6431203870530311,96.24556400012807
Urban100,img_048.png,x4,bicubic,16.967813207347373,0.6853006470096495,17.265374000999145
Urban100,img_049.png,x4,bicubic,19.04544446467038,0.5984557605289335,14.723464999406133
Urban100,img_050.png,x4,bicubic,22.25851542480673,0.6698430592823196,9.97916000051191
Urban100,img_051.png,x4,bicubic,23.39086580104094,0.7378561226408005,11.353990001225611
Urban100,img_052.png,x4,bicubic,22.46605629396854,0.7252073003890614,10.06135500028904
Urban100,img_053.png,x4,bicubic,18.973057447716133,0.6085735990127183,9.703319001346244
Urban100,img_054.png,x4,bicubic,18.492452583125417,0.5383080850743323,11.76424400000542
Urban100,img_055.png,x4,bicubic,23.249080380490554,0.7506399472354403,11.638030000540311
Urban100,img_056.png,x4,bicubic,20.860853857229763,0.627070775200797,11.338023999996949
Urban100,img_057.png,x4,bicubic,24.77550024236182,0.7787570879672421,10.663913999451324
Urban100,img_058.png,x4,bicubic,21.00575005918822,0.7251100052987901,10.57383899933484
Urban100,img_059.png,x4,bicubic,19.103102769321776,0.6435288193824461,16.10901899948658
Urban100,img_060.png,x4,bicubic,19.62117308352013,0.45262797920494485,10.18966899937368
Urban100,img_061.png,x4,bicubic,21.436769095426136,0.6353462829764368,9.930136000548373
Urban100,img_062.png,x4,bicubic,18.49023048095374,0.6498455682262865,10.044464001111919
Urban100,img_063.png,x4,bicubic,16.744474208835193,0.40613652663467104,14.238891999411862
Urban100,img_064.png,x4,bicubic,23.613001623840674,0.706818096402503,9.916967001117882
Urban100,img_065.png,x4,bicubic,22.29523642417773,0.6141900174996837,10.162869999476243
Urban100,img_066.png,x4,bicubic,20.02211618854185,0.5582703209272056,13.073796999378828
Urban100,img_067.png,x4,bicubic,15.539827989749764,0.694769283963577,10.095834999447106
Urban100,img_068.png,x4,bicubic,25.556919392303712,0.742421996523726,14.93447900065803
Urban100,img_069.png,x4,bicubic,21.628154514136956,0.6246163613175533,14.202129001205321
Urban100,img_070.png,x4,bicubic,20.198158391706563,0.5277714801253298,12.441651000699494
Urban100,img_071.png,x4,bicubic,24.335964263367305,0.5265400618690496,20.362082999781705
Urban100,img_072.png,x4,bicubic,15.387507896459159,0.5755949618757995,19.160585999998148
Urban100,img_073.png,x4,bicubic,18.213756464239815,0.4628772588819803,21.337597001547692
Urban100,img_074.png,x4,bicubic,20.68184775172235,0.563362420719057,17.28310199905536
Urban100,img_075.png,x4,bicubic,25.38168769368665,0.7808556501155731,18.529310000303667
Urban100,img_076.png,x4,bicubic,20.136630435773068,0.6293622939649313,16.901826000321307
Urban100,img_077.png,x4,bicubic,20.597484648130703,0.6042707870251508,16.85567499953322
Urban100,img_078.png,x4,bicubic,24.569393745664367,0.6494553487208284,18.094737999490462
Urban100,img_079.png,x4,bicubic,22.419933413643708,0.5885710312391627,12.52515600026527
Urban100,img_080.png,x4,bicubic,31.273225053635162,0.9031057985672467,11.605580999457743
Urban100,img_081.png,x4,bicubic,26.392544763139696,0.8705515424968223,15.030255999590736
Urban100,img_082.png,x4,bicubic,26.23712074824232,0.8585109922467886,15.325501999541302
Urban100,img_083.png,x4,bicubic,19.26057278351149,0.5578881672601491,15.746561999549158
Urban100,img_084.png,x4,bicubic,25.109951534499903,0.7067850964661719,16.72812799915846
Urban100,img_085.png,x4,bicubic,24.431054103505822,0.8393546275961622,10.592215001452132
Urban100,img_086.png,x4,bicubic,26.658629292928904,0.8198354244821694,11.628943000687286
Urban100,img_087.png,x4,bicubic,21.629968028855913,0.7253480422643449,15.000700999735272
Urban100,img_088.png,x4,bicubic,17.232800809230337,0.4292006139065063,11.352102999808267
Urban100,img_089.png,x4,bicubic,24.106938358004196,0.6170072576520025,11.350880999088986
Urban100,img_090.png,x4,bicubic,29.148618394783362,0.8787820175174778,10.224887999356724
Urban100,img_091.png,x4,bicubic,20.338274491348805,0.517232111511218,10.037386000476545
Urban100,img_092.png,x4,bicubic,15.305579924279728,0.43783611866475186,10.95011800134671
Urban100,img_093.png,x4,bicubic,22.25860579082307,0.7950111720958803,13.096501999825705
Urban100,img_094.png,x4,bicubic,24.033459224754186,0.6714663906085819,18.98055700075929
Urban100,img_095.png,x4,bicubic,17.43652559263626,0.28663754965687915,11.388290999093442
Urban100,img_096.png,x4,bicubic,20.119182330146117,0.6889778795771347,18.84007599983306
Urban100,img_097.png,x4,bicubic,21.63691598839908,0.646829040763263,16.782247999799438
Urban100,img_098.png,x4,bicubic,18.278010362252914,0.4041813551878768,23.454635998859885
Urban100,img_099.png,x4,bicubic,20.42427079490203,0.5657980504299288,19.98382100100571
Urban100,img_100.png,x4,bicubic,19.616502542896036,0.5504058006308287,23.254732001078082
