dataset,scale,method,image_count,psnr_y,ssim_y,psnr_rgb,ssim_rgb,latency_mean_ms,latency_median_ms,timing_device,timing_context,parameter_count,peak_gpu_memory_mean_mb,peak_gpu_memory_max_mb,psnr_y_rank,ssim_y_rank,psnr_rgb_rank,ssim_rgb_rank,psnr_y_vs_bicubic_db,ssim_y_vs_bicubic
Set5,x2,bicubic,5,33.67331115937241,0.9302910194648595,31.7870492364823,0.9086651836587324,2.06164508,2.0420084000000003,cpu,CPU; Google Colab default CPU (exact model not recorded),,,,3,3,3,3,0.0,0.0
Set5,x2,nedi,5,33.15639267440928,0.9243834472195921,31.191154079344688,0.897427096615419,5749.56634728,5627.0562718,cpu,CPU; AWS m7i.2xlarge,,,,4,4,4,4,-0.5169184849631279,-0.0059075722452673896
Set5,x2,fsrcnn,5,37.02608109811937,0.956471306505187,34.73225057990367,0.9371567758043566,1.4707884740829467,1.4594143807888031,gpu,GPU; NVIDIA Tesla T4,12809,18.782421875,43.3076171875,2,2,2,2,3.3527699387469596,0.026180287040327488
Set5,x2,imdn,5,37.994132770533525,0.9604715563292446,35.80685679465183,0.9436209693906836,13.555956478118897,13.385120058059693,gpu,GPU; NVIDIA Tesla T4,694404,101.58916015625,230.4130859375,1,1,1,1,4.320821611161115,0.030180536864385155
Set5,x3,bicubic,5,30.39541209475994,0.8683844561757821,28.612665582542164,0.8375868515165985,1.8636601799999999,1.8375550999999999,cpu,CPU; Google Colab default CPU (exact model not recorded),,,,3,3,3,3,0.0,0.0
Set5,x3,nedi,5,29.886498143999674,0.8595540502692403,28.081080037469736,0.8233894014271386,2334.02125198,2326.0765673,cpu,CPU; AWS m7i.2xlarge,,,,4,4,4,4,-0.5089139507602667,-0.008830405906541827
Set5,x3,fsrcnn,5,32.57191758145433,0.9053910476000898,30.550178740788738,0.8751473179921491,0.8431327986717224,0.8290911972522735,gpu,GPU; NVIDIA Tesla T4,12809,8.5669921875,19.68212890625,2,2,2,2,2.1765054866943885,0.03700659142430773
Set5,x3,imdn,5,34.363546285586004,0.9266892470162623,32.35057959385642,0.9019168934513534,8.317507076263428,8.270297431945801,gpu,GPU; NVIDIA Tesla T4,703059,49.49990234375,104.78369140625,1,1,1,1,3.9681341908260634,0.058304790840480236
Set5,x4,bicubic,5,28.429255869603413,0.8110747936464384,26.69231777574112,0.7730317133836254,1.66775746,1.623839,cpu,CPU; Google Colab default CPU (exact model not recorded),,,,3,3,3,3,0.0,0.0
Set5,x4,nedi,5,27.747317111471244,0.798319133793417,25.93718010494256,0.7461206672848464,5963.0812526400005,5939.1548126,cpu,CPU; AWS m7i.2xlarge,,,,4,4,4,4,-0.6819387581321692,-0.012755659853021406
Set5,x4,fsrcnn,5,30.49830298746281,0.8597311268491276,28.5159437668074,0.8203014601854719,0.7621017622947692,0.751331216096878,gpu,GPU; NVIDIA Tesla T4,12809,5.0638671875,11.6201171875,2,2,2,2,2.069047117859398,0.04865633320268914
Set5,x4,imdn,5,32.207381161182674,0.8948408719402351,30.29961144570984,0.8644762538310152,7.301709394454956,6.9516479015350345,gpu,GPU; NVIDIA Tesla T4,715176,34.15810546875,62.9296875,1,1,1,1,3.7781252915792614,0.08376607829379668
Set14,x2,bicubic,14,30.346016169909227,0.8701414235356757,28.539660622934207,0.8428156596204424,6.144668664285715,5.860186107142857,cpu,CPU; Google Colab default CPU (exact model not recorded),,,,3,3,3,3,0.0,0.0
Set14,x2,nedi,14,29.875492808619732,0.855045800494182,28.045650143634287,0.8253634521381616,12856.77789582857,12783.350557821428,cpu,CPU; AWS m7i.2xlarge,,,,4,4,4,4,-0.47052336128949435,-0.0150956230414937
Set14,x2,fsrcnn,14,32.66014112821545,0.9090116623750097,30.529800450295745,0.8803816682704413,2.5972523357187,2.593858288867133,gpu,GPU; NVIDIA Tesla T4,12809,38.055245535714285,68.75,2,2,2,2,2.3141249583062233,0.03887023883933405
Set14,x2,imdn,14,33.57312426920769,0.917553197923336,31.51238865672106,0.8938495374867966,27.12368984903608,27.15228005817958,gpu,GPU; NVIDIA Tesla T4,694404,218.09660993303572,431.32666015625,1,1,1,1,3.227108099298462,0.04741177438766031
Set14,x3,bicubic,14,27.622571065068602,0.7751851738992321,25.936589277183778,0.7394344941822176,6.4508017,6.279665607142857,cpu,CPU; Google Colab default CPU (exact model not recorded),,,,3,3,3,3,0.0,0.0
Set14,x3,nedi,14,27.295662965937282,0.7588076188483568,25.59616026907107,0.7205302122522825,5026.176795828572,5021.6873347857145,cpu,CPU; AWS m7i.2xlarge,,,,4,4,4,4,-0.3269080991313196,-0.016377555050875348
Set14,x3,fsrcnn,14,29.228906638001718,0.8179893362662051,27.32082661179548,0.7793826166310417,1.4774416037968228,1.4360274480921882,gpu,GPU; NVIDIA Tesla T4,12809,17.430315290178573,31.6591796875,2,2,2,2,1.6063355729331157,0.04280416236697293
Set14,x3,imdn,14,30.307980693153176,0.8404284846298359,28.41744025599505,0.8079262631080265,14.233848929405212,14.219766957419258,gpu,GPU; NVIDIA Tesla T4,703059,92.92463030133929,166.7197265625,1,1,1,1,2.6854096280845745,0.06524331073060374
Set14,x4,bicubic,14,26.094823561386495,0.7045426731288671,24.46680938331497,0.6633901729685394,3.77052725,3.74733025,cpu,CPU; Google Colab default CPU (exact model not recorded),,,,3,3,3,3,0.0,0.0
Set14,x4,nedi,14,25.696953632659522,0.6863454609049672,24.021089389324985,0.6409805398761687,12813.969239342858,12801.45082025,cpu,CPU; AWS m7i.2xlarge,,,,4,4,4,4,-0.3978699287269727,-0.018197212223899917
Set14,x4,fsrcnn,14,27.56393370071066,0.7510102260100288,25.731055975198625,0.7057422422633768,1.078252801299095,1.0268297110285078,gpu,GPU; NVIDIA Tesla T4,12809,10.224400111607142,18.57470703125,2,2,2,2,1.4691101393241652,0.04646755288116167
Set14,x4,imdn,14,28.588922132334716,0.7804861742037698,26.78115382096655,0.7425362992752531,7.899375081062317,7.938437615122114,gpu,GPU; NVIDIA Tesla T4,715176,56.458705357142854,96.41015625,1,1,1,1,2.4940985709482213,0.07594350107490266
BSD100,x2,bicubic,100,29.59837191121926,0.844629898681799,28.266996543244684,0.8308014592009962,3.186390143,3.12820867,cpu,CPU; Google Colab default CPU (exact model not recorded),,,,3,3,3,3,0.0,0.0
BSD100,x2,nedi,100,29.04559853226085,0.8204085117779955,27.652769446209188,0.8027015797438344,8261.011700173,8248.19284064,cpu,CPU; AWS m7i.2xlarge,,,,4,4,4,4,-0.5527733789584097,-0.0242213869038036
BSD100,x2,fsrcnn,100,31.355701192093633,0.8875065789492717,29.99559792286027,0.8770564440500582,1.8035251171588897,1.7915475207567215,gpu,GPU; NVIDIA Tesla T4,12809,25.3994140625,25.3994140625,2,2,2,2,1.757329280874373,0.0428766802674726
BSD100,x2,imdn,100,31.98284121387577,0.896776678319952,30.623181659071413,0.8870501042073925,18.129682138442995,18.0808314037323,gpu,GPU; NVIDIA Tesla T4,694404,136.1103515625,136.1103515625,1,1,1,1,2.384469302656509,0.05214677963815295
BSD100,x3,bicubic,100,27.20041471294062,0.7387246805278582,25.874709727030908,0.7159541691947059,3.049588394,2.995207845,cpu,CPU; Google Colab default CPU (exact model not recorded),,,,3,3,3,3,0.0,0.0
BSD100,x3,nedi,100,26.850632466848026,0.7174069959679994,25.48934811706289,0.6912366566905982,3381.122205255,3379.0339483,cpu,CPU; AWS m7i.2xlarge,,,,4,4,4,4,-0.34978224609259456,-0.02131768455985883
BSD100,x3,fsrcnn,100,28.27522912563692,0.7822344022526883,26.92167598582306,0.7622163434516623,1.0960624334812163,1.0763867223262786,gpu,GPU; NVIDIA Tesla T4,12809,11.6826171875,11.6826171875,2,2,2,2,1.0748144126962984,0.04350972172483003
BSD100,x3,imdn,100,29.07297719135551,0.8038820372481578,27.72296012630437,0.7856940931117465,8.736279136180878,9.061012773513793,gpu,GPU; NVIDIA Tesla T4,703059,63.28515625,63.28515625,1,1,1,1,1.8725624784148884,0.06515735672029954
BSD100,x4,bicubic,100,25.956437011248354,0.6675044797967447,24.63010838721472,0.6391481878905022,2.662921933,2.62190036,cpu,CPU; Google Colab default CPU (exact model not recorded),,,,3,3,3,3,0.0,0.0
BSD100,x4,nedi,100,25.53212418457145,0.6447946878887423,24.121113797737156,0.6107356634122671,8228.223882581,8216.42713374,cpu,CPU; AWS m7i.2xlarge,,,,4,4,4,4,-0.4243128266769034,-0.022709791908002375
BSD100,x4,fsrcnn,100,26.8767309559971,0.7090180446871949,25.516986075140977,0.6821021095706578,0.8706977915763855,0.8442856022715568,gpu,GPU; NVIDIA Tesla T4,12809,6.83251953125,6.83251953125,2,2,2,2,0.9202939447487459,0.041513564890450216
BSD100,x4,imdn,100,27.536978755535973,0.7341115355072635,26.191430794722816,0.7095440202090324,6.369302112579346,6.269526400566101,gpu,GPU; NVIDIA Tesla T4,715176,41.2427880859375,52.0712890625,1,1,1,1,1.5805417442876184,0.06660705571051884
Urban100,x2,bicubic,100,26.875821276089876,0.8404642480834588,25.44157257601937,0.8271261572710591,17.184672448,16.498145155,cpu,CPU; Google Colab default CPU (exact model not recorded),,,,4,3,4,3,0.0,0.0
Urban100,x2,nedi,100,26.91847743625579,0.8370461141228952,25.44503149648274,0.8208578792770811,42602.275068386,42366.31400691,cpu,CPU; AWS m7i.2xlarge,,,,3,4,3,4,0.042656160165915225,-0.003418133960563563
Urban100,x2,fsrcnn,100,29.808132390093586,0.9011161458106627,28.189612418213756,0.8881733844351831,7.108648042201996,7.117463698387146,gpu,GPU; NVIDIA Tesla T4,12809,127.9079833984375,203.9169921875,2,2,2,2,2.93231111400371,0.06065189772720392
Urban100,x2,imdn,100,32.175697041136594,0.9283043152590759,30.543747069511653,0.9189258192978257,99.85789886474609,99.8245987701416,gpu,GPU; NVIDIA Tesla T4,694404,675.473447265625,1070.2509765625,1,1,1,1,5.299875765046718,0.0878400671756171
Urban100,x3,bicubic,100,24.448205161764673,0.7346394343003105,23.016381610309786,0.7137249041249838,14.950274893,14.53498602,cpu,CPU; Google Colab default CPU (exact model not recorded),,,,3,3,3,3,0.0,0.0
Urban100,x3,nedi,100,24.38164686373083,0.7286137297380254,22.929113313940444,0.7047846500552919,17026.016969073,17025.033802625,cpu,CPU; AWS m7i.2xlarge,,,,4,4,4,4,-0.0665582980338435,-0.006025704562285128
Urban100,x3,fsrcnn,100,25.976210696339425,0.7914844479678864,24.45649237349644,0.7696205624314941,4.048845149517059,4.043037275075912,gpu,GPU; NVIDIA Tesla T4,12809,58.7962451171875,95.2578125,2,2,2,2,1.5280055345747527,0.05684501366757588
Urban100,x3,imdn,100,28.02228722859082,0.8490965593106979,26.4782246673056,0.8323945107107209,48.22499123764038,48.182236328125,gpu,GPU; NVIDIA Tesla T4,703059,383.0187939453125,484.55126953125,1,1,1,1,3.574082066826147,0.1144571250103874
Urban100,x4,bicubic,100,23.14011483326603,0.6580467654831712,21.70627352129424,0.6317764587762305,13.852849519,13.561452955,cpu,CPU; Google Colab default CPU (exact model not recorded),,,,3,3,3,3,0.0,0.0
Urban100,x4,nedi,100,22.983716485681462,0.6506060562957264,21.506456332247513,0.6187341196792452,46718.546898981,46671.799685555,cpu,CPU; AWS m7i.2xlarge,,,,4,4,4,4,-0.15639834758456672,-0.007440709187444772
Urban100,x4,fsrcnn,100,24.458168320137045,0.7190450873583931,22.945727056174377,0.6900738269718377,2.344308670401573,2.336780160665512,gpu,GPU; NVIDIA Tesla T4,12809,34.395078125,54.2568359375,2,2,2,2,1.3180534868710154,0.06099832187522192
Urban100,x4,imdn,100,26.043091264272515,0.7837825225968309,24.531715609242926,0.7624779739435193,26.04704104042053,25.924469966888427,gpu,GPU; NVIDIA Tesla T4,715176,179.72556640625,393.18408203125,1,1,1,1,2.9029764310064863,0.1257357571136597
